feature,source
TCGA_mutation_0,TCGA
TCGA_mutation_2,TCGA
TCGA_mutation_3,TCGA
TCGA_mutation_6,TCGA
TCGA_mutation_8,TCGA
TCGA_mutation_10,TCGA
TCGA_mutation_11,TCGA
TCGA_mutation_15,TCGA
TCGA_mutation_16,TCGA
TCGA_mutation_17,TCGA
TCGA_mutation_19,TCGA
TCGA_mutation_20,TCGA
TCGA_mutation_21,TCGA
TCGA_mutation_22,TCGA
TCGA_mutation_25,TCGA
TCGA_mutation_27,TCGA
TCGA_mutation_28,TCGA
TCGA_mutation_31,TCGA
TCGA_mutation_36,TCGA
TCGA_mutation_38,TCGA
TCGA_mutation_40,TCGA
TCGA_mutation_41,TCGA
TCGA_mutation_43,TCGA
TCGA_mutation_44,TCGA
TCGA_mutation_45,TCGA
TCGA_mutation_49,TCGA
TCGA_mutation_50,TCGA
TCGA_mutation_52,TCGA
TCGA_mutation_54,TCGA
TCGA_mutation_55,TCGA
TCGA_mutation_56,TCGA
TCGA_mutation_57,TCGA
TCGA_mutation_60,TCGA
TCGA_mutation_61,TCGA
TCGA_mutation_62,TCGA
TCGA_mutation_66,TCGA
TCGA_mutation_69,TCGA
TCGA_mutation_70,TCGA
TCGA_mutation_71,TCGA
TCGA_mutation_72,TCGA
TCGA_mutation_73,TCGA
TCGA_mutation_74,TCGA
TCGA_mutation_78,TCGA
TCGA_mutation_80,TCGA
TCGA_mutation_83,TCGA
TCGA_mutation_84,TCGA
TCGA_mutation_85,TCGA
TCGA_mutation_91,TCGA
TCGA_mutation_93,TCGA
TCGA_mutation_94,TCGA
TCGA_mutation_95,TCGA
TCGA_mutation_96,TCGA
TCGA_mutation_99,TCGA
TCGA_mutation_100,TCGA
TCGA_mutation_101,TCGA
TCGA_mutation_102,TCGA
TCGA_mutation_104,TCGA
TCGA_mutation_106,TCGA
TCGA_mutation_109,TCGA
TCGA_mutation_110,TCGA
TCGA_mutation_111,TCGA
TCGA_mutation_112,TCGA
TCGA_mutation_113,TCGA
TCGA_mutation_114,TCGA
TCGA_mutation_115,TCGA
TCGA_mutation_116,TCGA
TCGA_mutation_120,TCGA
TCGA_mutation_122,TCGA
TCGA_mutation_123,TCGA
TCGA_mutation_124,TCGA
TCGA_mutation_125,TCGA
TCGA_mutation_127,TCGA
TCGA_mutation_128,TCGA
TCGA_mutation_129,TCGA
TCGA_mutation_131,TCGA
TCGA_mutation_132,TCGA
TCGA_mutation_133,TCGA
TCGA_mutation_135,TCGA
TCGA_mutation_140,TCGA
TCGA_mutation_142,TCGA
TCGA_mutation_143,TCGA
TCGA_mutation_144,TCGA
TCGA_mutation_145,TCGA
TCGA_mutation_147,TCGA
TCGA_mutation_148,TCGA
TCGA_mutation_151,TCGA
TCGA_mutation_152,TCGA
TCGA_mutation_153,TCGA
TCGA_mutation_155,TCGA
TCGA_mutation_156,TCGA
TCGA_mutation_159,TCGA
TCGA_mutation_161,TCGA
TCGA_mutation_162,TCGA
TCGA_mutation_164,TCGA
TCGA_mutation_165,TCGA
TCGA_mutation_166,TCGA
TCGA_mutation_168,TCGA
TCGA_mutation_169,TCGA
TCGA_mutation_171,TCGA
TCGA_mutation_172,TCGA
TCGA_mutation_173,TCGA
TCGA_mutation_174,TCGA
TCGA_mutation_175,TCGA
TCGA_mutation_176,TCGA
TCGA_mutation_184,TCGA
TCGA_mutation_185,TCGA
TCGA_mutation_188,TCGA
TCGA_mutation_190,TCGA
TCGA_mutation_192,TCGA
TCGA_mutation_198,TCGA
TCGA_mutation_199,TCGA
ICGC_CNV_0,ICGC
ICGC_CNV_2,ICGC
ICGC_CNV_3,ICGC
ICGC_CNV_4,ICGC
ICGC_CNV_5,ICGC
ICGC_CNV_6,ICGC
ICGC_CNV_7,ICGC
ICGC_CNV_8,ICGC
ICGC_CNV_10,ICGC
ICGC_CNV_12,ICGC
ICGC_CNV_13,ICGC
ICGC_CNV_14,ICGC
ICGC_CNV_16,ICGC
ICGC_CNV_17,ICGC
ICGC_CNV_18,ICGC
ICGC_CNV_21,ICGC
ICGC_CNV_22,ICGC
ICGC_CNV_24,ICGC
ICGC_CNV_26,ICGC
ICGC_CNV_28,ICGC
ICGC_CNV_30,ICGC
ICGC_CNV_32,ICGC
ICGC_CNV_33,ICGC
ICGC_CNV_34,ICGC
ICGC_CNV_35,ICGC
ICGC_CNV_36,ICGC
ICGC_CNV_37,ICGC
ICGC_CNV_38,ICGC
ICGC_CNV_39,ICGC
ICGC_CNV_40,ICGC
ICGC_CNV_41,ICGC
ICGC_CNV_44,ICGC
ICGC_CNV_45,ICGC
ICGC_CNV_46,ICGC
ICGC_CNV_47,ICGC
ICGC_CNV_49,ICGC
ICGC_CNV_51,ICGC
ICGC_CNV_53,ICGC
ICGC_CNV_54,ICGC
ICGC_CNV_55,ICGC
ICGC_CNV_59,ICGC
ICGC_CNV_62,ICGC
ICGC_CNV_63,ICGC
ICGC_CNV_64,ICGC
ICGC_CNV_68,ICGC
ICGC_CNV_69,ICGC
ICGC_CNV_70,ICGC
ICGC_CNV_72,ICGC
ICGC_CNV_75,ICGC
ICGC_CNV_78,ICGC
ICGC_CNV_79,ICGC
ICGC_CNV_80,ICGC
ICGC_CNV_81,ICGC
ICGC_CNV_82,ICGC
ICGC_CNV_83,ICGC
ICGC_CNV_86,ICGC
ICGC_CNV_89,ICGC
ICGC_CNV_90,ICGC
ICGC_CNV_91,ICGC
ICGC_CNV_92,ICGC
ICGC_CNV_95,ICGC
ICGC_CNV_96,ICGC
ICGC_CNV_99,ICGC
ICGC_CNV_101,ICGC
ICGC_CNV_102,ICGC
ICGC_CNV_103,ICGC
ICGC_CNV_104,ICGC
ICGC_CNV_105,ICGC
ICGC_CNV_108,ICGC
ICGC_CNV_109,ICGC
ICGC_CNV_111,ICGC
ICGC_CNV_112,ICGC
ICGC_CNV_116,ICGC
ICGC_CNV_117,ICGC
ICGC_CNV_119,ICGC
ICGC_CNV_120,ICGC
ICGC_CNV_122,ICGC
ICGC_CNV_123,ICGC
ICGC_CNV_124,ICGC
ICGC_CNV_125,ICGC
ICGC_CNV_128,ICGC
ICGC_CNV_130,ICGC
ICGC_CNV_131,ICGC
ICGC_CNV_132,ICGC
ICGC_CNV_133,ICGC
ICGC_CNV_135,ICGC
ICGC_CNV_136,ICGC
ICGC_CNV_137,ICGC
ICGC_CNV_138,ICGC
ICGC_CNV_142,ICGC
ICGC_CNV_143,ICGC
ICGC_CNV_145,ICGC
ICGC_CNV_146,ICGC
ICGC_CNV_147,ICGC
ICGC_CNV_148,ICGC
GEO_expression_0,GEO
GEO_expression_2,GEO
GEO_expression_4,GEO
GEO_expression_6,GEO
GEO_expression_7,GEO
GEO_expression_8,GEO
GEO_expression_11,GEO
GEO_expression_12,GEO
GEO_expression_13,GEO
GEO_expression_21,GEO
GEO_expression_22,GEO
GEO_expression_23,GEO
GEO_expression_24,GEO
GEO_expression_26,GEO
GEO_expression_27,GEO
GEO_expression_29,GEO
GEO_expression_30,GEO
GEO_expression_32,GEO
GEO_expression_33,GEO
GEO_expression_35,GEO
GEO_expression_38,GEO
GEO_expression_39,GEO
GEO_expression_40,GEO
GEO_expression_41,GEO
GEO_expression_42,GEO
GEO_expression_44,GEO
GEO_expression_45,GEO
GEO_expression_46,GEO
GEO_expression_47,GEO
GEO_expression_53,GEO
GEO_expression_54,GEO
GEO_expression_55,GEO
GEO_expression_57,GEO
GEO_expression_58,GEO
GEO_expression_59,GEO
GEO_expression_60,GEO
GEO_expression_62,GEO
GEO_expression_63,GEO
GEO_expression_64,GEO
GEO_expression_65,GEO
GEO_expression_69,GEO
GEO_expression_70,GEO
GEO_expression_72,GEO
GEO_expression_73,GEO
GEO_expression_77,GEO
GEO_expression_78,GEO
GEO_expression_80,GEO
GEO_expression_83,GEO
GEO_expression_84,GEO
GEO_expression_87,GEO
GEO_expression_88,GEO
GEO_expression_92,GEO
GEO_expression_93,GEO
GEO_expression_94,GEO
GEO_expression_97,GEO
GEO_expression_99,GEO
GEO_expression_100,GEO
GEO_expression_101,GEO
GEO_expression_102,GEO
GEO_expression_104,GEO
GEO_expression_106,GEO
GEO_expression_108,GEO
GEO_expression_109,GEO
GEO_expression_112,GEO
GEO_expression_117,GEO
GEO_expression_118,GEO
GEO_expression_119,GEO
GEO_expression_127,GEO
GEO_expression_129,GEO
GEO_expression_130,GEO
GEO_expression_131,GEO
GEO_expression_133,GEO
GEO_expression_136,GEO
GEO_expression_137,GEO
GEO_expression_140,GEO
GEO_expression_141,GEO
GEO_expression_142,GEO
GEO_expression_146,GEO
GEO_expression_147,GEO
GEO_expression_150,GEO
GEO_expression_151,GEO
GEO_expression_152,GEO
GEO_expression_154,GEO
GEO_expression_157,GEO
GEO_expression_160,GEO
GEO_expression_161,GEO
GEO_expression_163,GEO
GEO_expression_165,GEO
GEO_expression_167,GEO
GEO_expression_168,GEO
GEO_expression_169,GEO
GEO_expression_172,GEO
GEO_expression_173,GEO
GEO_expression_174,GEO
GEO_expression_176,GEO
GEO_expression_177,GEO
GEO_expression_183,GEO
GEO_expression_186,GEO
GEO_expression_188,GEO
GEO_expression_190,GEO
GEO_expression_191,GEO
GEO_expression_192,GEO
GEO_expression_193,GEO
GEO_expression_194,GEO
GEO_expression_195,GEO
GEO_expression_196,GEO
GEO_expression_197,GEO
GEO_expression_198,GEO
GEO_expression_203,GEO
GEO_expression_204,GEO
GEO_expression_205,GEO
GEO_expression_207,GEO
GEO_expression_210,GEO
GEO_expression_211,GEO
GEO_expression_212,GEO
GEO_expression_215,GEO
GEO_expression_218,GEO
GEO_expression_219,GEO
GEO_expression_220,GEO
GEO_expression_225,GEO
GEO_expression_228,GEO
GEO_expression_230,GEO
GEO_expression_234,GEO
GEO_expression_236,GEO
GEO_expression_237,GEO
GEO_expression_239,GEO
GEO_expression_240,GEO
GEO_expression_245,GEO
GEO_expression_246,GEO
GEO_expression_247,GEO
GEO_expression_248,GEO
GEO_expression_249,GEO
GEO_expression_254,GEO
GEO_expression_255,GEO
GEO_expression_259,GEO
GEO_expression_263,GEO
GEO_expression_264,GEO
GEO_expression_265,GEO
GEO_expression_266,GEO
GEO_expression_268,GEO
GEO_expression_269,GEO
GEO_expression_273,GEO
GEO_expression_274,GEO
GEO_expression_276,GEO
GEO_expression_277,GEO
GEO_expression_279,GEO
GEO_expression_282,GEO
GEO_expression_285,GEO
GEO_expression_286,GEO
GEO_expression_288,GEO
GEO_expression_291,GEO
GEO_expression_297,GEO
ARGO_multiomics_0,ICGC_ARGO
ARGO_multiomics_2,ICGC_ARGO
ARGO_multiomics_3,ICGC_ARGO
ARGO_multiomics_4,ICGC_ARGO
ARGO_multiomics_6,ICGC_ARGO
ARGO_multiomics_7,ICGC_ARGO
ARGO_multiomics_8,ICGC_ARGO
ARGO_multiomics_10,ICGC_ARGO
ARGO_multiomics_11,ICGC_ARGO
ARGO_multiomics_13,ICGC_ARGO
ARGO_multiomics_14,ICGC_ARGO
ARGO_multiomics_15,ICGC_ARGO
ARGO_multiomics_16,ICGC_ARGO
ARGO_multiomics_17,ICGC_ARGO
ARGO_multiomics_18,ICGC_ARGO
ARGO_multiomics_27,ICGC_ARGO
ARGO_multiomics_29,ICGC_ARGO
ARGO_multiomics_30,ICGC_ARGO
ARGO_multiomics_31,ICGC_ARGO
ARGO_multiomics_33,ICGC_ARGO
ARGO_multiomics_34,ICGC_ARGO
ARGO_multiomics_35,ICGC_ARGO
ARGO_multiomics_37,ICGC_ARGO
ARGO_multiomics_38,ICGC_ARGO
ARGO_multiomics_39,ICGC_ARGO
ARGO_multiomics_40,ICGC_ARGO
ARGO_multiomics_41,ICGC_ARGO
ARGO_multiomics_42,ICGC_ARGO
ARGO_multiomics_44,ICGC_ARGO
ARGO_multiomics_46,ICGC_ARGO
ARGO_multiomics_47,ICGC_ARGO
ARGO_multiomics_48,ICGC_ARGO
ARGO_multiomics_49,ICGC_ARGO
ARGO_multiomics_50,ICGC_ARGO
ARGO_multiomics_52,ICGC_ARGO
ARGO_multiomics_53,ICGC_ARGO
ARGO_multiomics_54,ICGC_ARGO
ARGO_multiomics_55,ICGC_ARGO
ARGO_multiomics_56,ICGC_ARGO
ARGO_multiomics_59,ICGC_ARGO
ARGO_multiomics_60,ICGC_ARGO
ARGO_multiomics_61,ICGC_ARGO
ARGO_multiomics_64,ICGC_ARGO
ARGO_multiomics_65,ICGC_ARGO
ARGO_multiomics_66,ICGC_ARGO
ARGO_multiomics_68,ICGC_ARGO
ARGO_multiomics_71,ICGC_ARGO
ARGO_multiomics_72,ICGC_ARGO
ARGO_multiomics_73,ICGC_ARGO
ARGO_multiomics_75,ICGC_ARGO
ARGO_multiomics_78,ICGC_ARGO
ARGO_multiomics_79,ICGC_ARGO
ARGO_multiomics_81,ICGC_ARGO
ARGO_multiomics_83,ICGC_ARGO
ARGO_multiomics_85,ICGC_ARGO
ARGO_multiomics_88,ICGC_ARGO
ARGO_multiomics_89,ICGC_ARGO
ARGO_multiomics_91,ICGC_ARGO
ARGO_multiomics_92,ICGC_ARGO
ARGO_multiomics_93,ICGC_ARGO
ARGO_multiomics_95,ICGC_ARGO
ARGO_multiomics_96,ICGC_ARGO
ARGO_multiomics_97,ICGC_ARGO
ARGO_multiomics_98,ICGC_ARGO
ARGO_multiomics_99,ICGC_ARGO
ARGO_multiomics_103,ICGC_ARGO
ARGO_multiomics_104,ICGC_ARGO
ARGO_multiomics_107,ICGC_ARGO
ARGO_multiomics_108,ICGC_ARGO
ARGO_multiomics_110,ICGC_ARGO
ARGO_multiomics_112,ICGC_ARGO
ARGO_multiomics_113,ICGC_ARGO
ARGO_multiomics_114,ICGC_ARGO
ARGO_multiomics_115,ICGC_ARGO
ARGO_multiomics_117,ICGC_ARGO
ARGO_multiomics_120,ICGC_ARGO
ARGO_multiomics_124,ICGC_ARGO
ARGO_multiomics_126,ICGC_ARGO
ARGO_multiomics_130,ICGC_ARGO
ARGO_multiomics_133,ICGC_ARGO
ARGO_multiomics_136,ICGC_ARGO
ARGO_multiomics_138,ICGC_ARGO
ARGO_multiomics_141,ICGC_ARGO
ARGO_multiomics_143,ICGC_ARGO
ARGO_multiomics_145,ICGC_ARGO
ARGO_multiomics_148,ICGC_ARGO
ARGO_multiomics_154,ICGC_ARGO
ARGO_multiomics_155,ICGC_ARGO
ARGO_multiomics_156,ICGC_ARGO
ARGO_multiomics_157,ICGC_ARGO
ARGO_multiomics_158,ICGC_ARGO
ARGO_multiomics_161,ICGC_ARGO
ARGO_multiomics_162,ICGC_ARGO
ARGO_multiomics_164,ICGC_ARGO
ARGO_multiomics_165,ICGC_ARGO
ARGO_multiomics_167,ICGC_ARGO
ARGO_multiomics_168,ICGC_ARGO
ARGO_multiomics_169,ICGC_ARGO
ARGO_multiomics_174,ICGC_ARGO
ARGO_multiomics_175,ICGC_ARGO
ARGO_multiomics_176,ICGC_ARGO
ARGO_multiomics_178,ICGC_ARGO
ARGO_multiomics_180,ICGC_ARGO
ARGO_multiomics_181,ICGC_ARGO
ARGO_multiomics_183,ICGC_ARGO
ARGO_multiomics_185,ICGC_ARGO
ARGO_multiomics_187,ICGC_ARGO
ARGO_multiomics_188,ICGC_ARGO
ARGO_multiomics_192,ICGC_ARGO
ARGO_multiomics_193,ICGC_ARGO
ARGO_multiomics_199,ICGC_ARGO
ARGO_multiomics_202,ICGC_ARGO
ARGO_multiomics_204,ICGC_ARGO
ARGO_multiomics_205,ICGC_ARGO
ARGO_multiomics_206,ICGC_ARGO
ARGO_multiomics_208,ICGC_ARGO
ARGO_multiomics_210,ICGC_ARGO
ARGO_multiomics_213,ICGC_ARGO
ARGO_multiomics_215,ICGC_ARGO
ARGO_multiomics_217,ICGC_ARGO
ARGO_multiomics_219,ICGC_ARGO
ARGO_multiomics_220,ICGC_ARGO
ARGO_multiomics_221,ICGC_ARGO
ARGO_multiomics_222,ICGC_ARGO
ARGO_multiomics_225,ICGC_ARGO
ARGO_multiomics_226,ICGC_ARGO
ARGO_multiomics_227,ICGC_ARGO
ARGO_multiomics_228,ICGC_ARGO
ARGO_multiomics_230,ICGC_ARGO
ARGO_multiomics_232,ICGC_ARGO
ARGO_multiomics_233,ICGC_ARGO
ARGO_multiomics_234,ICGC_ARGO
ARGO_multiomics_235,ICGC_ARGO
ARGO_multiomics_237,ICGC_ARGO
ARGO_multiomics_239,ICGC_ARGO
ARGO_multiomics_240,ICGC_ARGO
ARGO_multiomics_243,ICGC_ARGO
ARGO_multiomics_244,ICGC_ARGO
ARGO_multiomics_245,ICGC_ARGO
ARGO_multiomics_247,ICGC_ARGO
ARGO_multiomics_248,ICGC_ARGO
ARGO_multiomics_249,ICGC_ARGO
